Metric,Value
Daily Volatility,0.013735254308533826
Annual Volatility,0.21804040256765364
