Portfolio_Value,Historical_VaR_Rs,MonteCarlo_VaR_Rs
1000000,18219.7457160194,22141.4937077318
